,sitio,replica,microhabitat,clase_tam,gremio,taxa,abundance,bio.ind
1,A,1,10,macro,detritivoro,Aporrectodea_caliginosa,1,84900
2,A,1,10,macro,detritivoro,Aporrectodea_rosea,1,48000
3,A,1,10,macro,detritivoro,Aporrectodea_trapezoides,1,118800
4,A,1,10,macro,detritivoro,Octalasion_cyaneum,1,58200
5,A,1,10,macro,detritivoro,diplopoda,20,14580
6,A,1,10,macro,detritivoro,larva_scarabaeidae,1,488400
7,A,1,10,macro,detritivoro,larva_tenebrionidae,1,5200
8,A,1,10,macro,detritivoro,oniscoidea,1,2800
9,A,1,10,macro,detritivoro,tenebrionidae,1,21600
10,A,1,10,macro,herbivoro,cicadidae,1,593.944544209316
11,A,1,10,macro,herbivoro,ortoptero,1,16800
12,A,1,10,macro,microfitofago,cryptophagidae,1,3600
13,A,1,10,macro,predador,arannae,1,400
14,A,1,10,macro,predador,formicidae,3,541.466667048731
15,A,1,10,macro,predador,geophylomorpha,1,630.784426022534
16,A,1,10,macro,predador,lycosidae,4,7800
17,A,1,10,macro,predador,staphylinidae,10,2759.96186608482
18,A,1,10,meso,detritivoro,enquitreido,68,1383.40999878125
19,A,1,10,meso,detritivoro,larva_diptera,1,1478.71826115117
20,A,1,10,meso,detritivoro,pupa_diptera,2,1556.1615335
21,A,1,10,meso,microfitofago,entomobryoidea,2,128.066307297539
22,A,1,10,meso,microfitofago,larva_sciaridae,1,3347.08822581161
23,A,1,10,meso,microfitofago,onichiuridae,40,6.74151668751198
24,A,1,10,meso,microfitofago,symphyla,1,3.62151382265188
25,A,1,10,meso,omnivoro,hipogastruridae,10,8.96177736319605
26,A,1,10,meso,predador,mesostigmata,1,90.3092464735585
27,A,1,10,micro,herbivoro,fitofago,22,0.290272846584728
28,A,1,10,micro,microfitofago,bacterivoro,89,1.58880897642677
29,A,1,10,micro,microfitofago,fungivoro,66,3.30806388938677
30,A,1,10,micro,omnivoro,omnivoro,22,12.589212427066
31,A,1,10,micro,predador,predador,13,1.93618686269575
32,A,1,20,macro,detritivoro,diplopoda,1,6400
33,A,1,20,macro,microfitofago,larva_elateridae,2,1800
34,A,1,Frag,macro,herbivoro,cicadidae,1,143.420565017962
35,A,1,Frag,meso,detritivoro,enquitreido,56,1663.03515518275
36,A,1,Frag,meso,detritivoro,isotomidae,1,16.6536594348571
37,A,1,Frag,meso,detritivoro,larva_diptera,9,656.838527747062
38,A,1,Frag,meso,detritivoro,oripodidae,2,14.8524041532756
39,A,1,Frag,meso,detritivoro,scheloribates,2,17.2633571309092
40,A,1,Frag,meso,herbivoro,afido,2,368.053468361292
41,A,1,Frag,meso,herbivoro,trip,1,232.893334926979
42,A,1,Frag,meso,microfitofago,entomobryoidea,2,31.3569743021627
43,A,1,Frag,meso,microfitofago,larva_sciaridae,3,460.072058643738
44,A,1,Frag,meso,microfitofago,onichiuridae,3,16.539295557655
45,A,1,Frag,meso,microfitofago,oribatulidae,3,36.1296349812397
46,A,1,Frag,meso,omnivoro,astigmata,5,33.4374642332452
47,A,1,Frag,meso,omnivoro,hipogastruridae,7,9.14467442437912
48,A,1,Frag,meso,predador,amerosidae,3,67.2811196022078
49,A,1,Frag,meso,predador,eupodoidea,1,3.40980388003639
50,A,1,Frag,meso,predador,ologamasidae,2,117.327692161625
51,A,1,Frag,meso,predador,parasitidae,7,142.038147334261
52,A,1,Frag,meso,predador,penthalidae,1,6.34208538576798
53,A,1,H,macro,detritivoro,diplopoda,5,10560
54,A,1,H,macro,detritivoro,oniscoidea,2,3800
55,A,1,H,macro,predador,carabidae,1,285.55905328639
56,A,1,H,macro,predador,larva_carabidae,1,7276.056963
57,A,1,H,macro,predador,lycosidae,5,20880
58,A,1,H,macro,predador,staphylinidae,3,924.636128828414
59,A,1,H,meso,detritivoro,enquitreido,2,1148.05489505948
60,A,1,H,meso,detritivoro,oribatido,1,10.9127275216957
61,A,1,H,meso,herbivoro,afido,1,807.2086147867
62,A,1,H,meso,microfitofago,entomobryoidea,1,91.7301770331402
63,A,1,H,meso,predador,cunaxide,1,159.47734737133
64,A,1,H,meso,predador,mesostigmata,4,118.039930008742
65,A,1,Hoja,meso,detritivoro,enquitreido,12,3154.18684739216
66,A,1,Hoja,meso,detritivoro,oripodidae,2,26.3686134536375
67,A,1,Hoja,meso,detritivoro,pupa_diptera,15,6890.71952853333
68,A,1,Hoja,meso,detritivoro,scheloribates,1,34.9642481224616
69,A,1,Hoja,meso,herbivoro,afido,1,208.167390813731
70,A,1,Hoja,meso,herbivoro,trip,1,100.371887003788
71,A,1,Hoja,meso,microfitofago,larva_sciaridae,2,333.032276074269
72,A,1,Hoja,meso,omnivoro,hipogastruridae,2,19.0504279420001
73,A,1,Hoja,meso,predador,amerosidae,1,78.0095484094564
74,A,1,Hoja,meso,predador,parholaspidae,1,93.0475453217564
75,A,1,humus,meso,detritivoro,ceratozetoidea,20,23.3124443026105
76,A,1,humus,meso,detritivoro,enquitreido,10,1388.18366931858
77,A,1,humus,meso,detritivoro,isotomidae,27,9.59068361308165
78,A,1,humus,meso,detritivoro,larva_diptera,6,50.5918059790195
79,A,1,humus,meso,detritivoro,oripodidae,13,22.2861588121695
80,A,1,humus,meso,detritivoro,pupa_diptera,11,1333.87055218182
81,A,1,humus,meso,detritivoro,scheloribates,20,16.8108544601879
82,A,1,humus,meso,microfitofago,galumnidae,1,94.7973562000797
83,A,1,humus,meso,microfitofago,larva_sciaridae,10,158.173742866206
84,A,1,humus,meso,microfitofago,lohmanidae,1,3.37934314380671
85,A,1,humus,meso,microfitofago,onichiuridae,5,7.3465662496095
86,A,1,humus,meso,microfitofago,oppioidea,1,7.05362139053265
87,A,1,humus,meso,microfitofago,oribatulidae,59,33.2946525016009
88,A,1,humus,meso,omnivoro,astigmata,29,24.091103658711
89,A,1,humus,meso,omnivoro,hipogastruridae,23,9.1502959721292
90,A,1,humus,meso,predador,bdelloidea,3,5.81752115431948
91,A,1,humus,meso,predador,eupodoidea,5,4.45914540664683
92,A,1,humus,meso,predador,mesostigmata,3,2.74554367492616
93,A,1,humus,meso,predador,parasitidae,22,12.6156991156841
94,A,1,humus,meso,predador,rhagidiidae,2,2.59800245653866
95,A,1,humus,meso,predador,rhodacaroidea,3,14.0632566975172
96,A,2,10,macro,detritivoro,Aporrectodea_caliginosa,2,81450
97,A,2,10,macro,detritivoro,diplopoda,13,14061.5384615385
98,A,2,10,macro,detritivoro,juvenil,5,33240
99,A,2,10,macro,detritivoro,larva_tenebrionidae,2,3000
100,A,2,10,macro,detritivoro,oniscoidea,1,13200
101,A,2,10,macro,predador,formicidae,2,325.497298647867
102,A,2,10,macro,predador,grillopalpidae,1,195600
103,A,2,10,macro,predador,lycosidae,1,2800
104,A,2,10,macro,predador,staphylinidae,2,1276.28966795438
105,A,2,10,meso,detritivoro,ceratozetoidea,3,47.6335896470612
106,A,2,10,meso,detritivoro,enquitreido,17,1763.20705729475
107,A,2,10,meso,detritivoro,isotomidae,14,5.02026685645174
108,A,2,10,meso,detritivoro,larva_diptera,1,3600
109,A,2,10,meso,detritivoro,oripodidae,11,22.4130280018892
110,A,2,10,meso,detritivoro,pupa_diptera,1,6580.29657
111,A,2,10,meso,microfitofago,entomobryoidea,1,118.720256529443
112,A,2,10,meso,microfitofago,oppioidea,1,9.18148630275309
113,A,2,10,meso,microfitofago,oribatulidae,2,37.5903895350737
114,A,2,10,meso,microfitofago,symphyla,1,2.13586017854838
115,A,2,10,meso,omnivoro,astigmata,10,33.5708732345146
116,A,2,10,meso,omnivoro,hipogastruridae,7,8.57088220897363
117,A,2,10,meso,predador,mesostigmata,1,10.9127275216957
118,A,2,10,micro,herbivoro,fitofago,85,1.06013819851284
119,A,2,10,micro,microfitofago,bacterivoro,72,1.86384012750928
120,A,2,10,micro,microfitofago,fungivoro,184,12.9521263752672
121,A,2,10,micro,omnivoro,omnivoro,59,7.19003663979239
122,A,2,10,micro,predador,predador,72,4.83920040814128
123,A,2,20,macro,detritivoro,diplopoda,1,16400
124,A,2,20,macro,predador,staphylinidae,1,2000
125,A,2,20,meso,microfitofago,entomobryoidea,1,195.614748944503
126,A,2,Frag,meso,detritivoro,enquitreido,7,1853.39478955792
127,A,2,Frag,meso,detritivoro,oripodidae,3,22.1192135970981
128,A,2,Frag,meso,detritivoro,pupa_diptera,16,1439.759278625
129,A,2,Frag,meso,detritivoro,scheloribates,1,14.7421958619386
130,A,2,Frag,meso,herbivoro,trip,2,195.033073345994
131,A,2,Frag,meso,microfitofago,galumnidae,1,76.3757742499752
132,A,2,Frag,meso,microfitofago,larva_sciaridae,3,74.8534558286682
133,A,2,Frag,meso,microfitofago,oribatulidae,4,32.0394315307484
134,A,2,Frag,meso,omnivoro,astigmata,23,89.0524995717171
135,A,2,Frag,meso,predador,bdelloidea,1,5.76009980595814
136,A,2,Frag,meso,predador,eupodoidea,1,3.84855324124881
137,A,2,Frag,meso,predador,parasitidae,1,14.9415091952914
138,A,2,Frag,meso,predador,rhagidiidae,1,17.14785168471
139,A,2,H,macro,detritivoro,diplopoda,7,17771.4285714286
140,A,2,H,macro,detritivoro,oniscoidea,2,68200
141,A,2,H,macro,detritivoro,pythidae,1,96000
142,A,2,H,macro,predador,lycosidae,1,217600
143,A,2,H,meso,detritivoro,enquitreido,2,1593.85548355834
144,A,2,H,meso,detritivoro,larva_diptera,1,8000
145,A,2,Hoja,meso,detritivoro,enquitreido,1,3425.86040831773
146,A,2,Hoja,meso,detritivoro,isotomidae,5,7.31805856518206
147,A,2,Hoja,meso,detritivoro,pupa_diptera,10,7793.5902267
148,A,2,Hoja,meso,detritivoro,scheloribates,2,17.3434667581857
149,A,2,Hoja,meso,microfitofago,symphyla,1,16.7594281708667
150,A,2,Hoja,meso,omnivoro,astigmata,3,9.01198615362562
151,A,2,Hoja,meso,omnivoro,hipogastruridae,11,6.16312985352759
152,A,2,Hoja,meso,predador,eupodoidea,1,9.52966998228877
153,A,2,humus,meso,detritivoro,enquitreido,29,1470.5788306455
154,A,2,humus,meso,detritivoro,isotomidae,66,13.2257926420365
155,A,2,humus,meso,detritivoro,oripodidae,8,15.5910532124055
156,A,2,humus,meso,detritivoro,scheloribates,2,12.2259521866618
157,A,2,humus,meso,detritivoro,symphypleona,1,40.9920258551361
158,A,2,humus,meso,herbivoro,afido,1,430.430482576265
159,A,2,humus,meso,herbivoro,trip,1,245.139127977026
160,A,2,humus,meso,microfitofago,entomobryoidea,1,40.5247008093213
161,A,2,humus,meso,microfitofago,lohmanidae,1,79.2427624886036
162,A,2,humus,meso,microfitofago,oribatulidae,7,34.1946598115084
163,A,2,humus,meso,microfitofago,symphyla,1,4.42827019703126
164,A,2,humus,meso,omnivoro,astigmata,8,31.4688945848744
165,A,2,humus,meso,omnivoro,hipogastruridae,62,17.3136207806865
166,A,2,humus,meso,predador,bdelloidea,6,2.84292979604395
167,A,2,humus,meso,predador,eupodoidea,5,2.51778548152384
168,A,2,humus,meso,predador,ologamasidae,2,64.3614830298769
169,A,2,humus,meso,predador,parasitidae,7,28.3335488295525
170,A,2,humus,meso,predador,penthalidae,2,9.94535138504156
171,A,2,humus,meso,predador,rhodacaroidea,7,2.27507346567154
172,A,2,humus,meso,predador,uropodidae,1,14.8455879249111
173,A,3,10,macro,detritivoro,diplopoda,1,3200
174,A,3,10,macro,detritivoro,juvenil,1,45600
175,A,3,10,macro,detritivoro,larva_coleoptero,1,4499.651672
176,A,3,10,macro,detritivoro,oniscoidea,2,23800
177,A,3,10,macro,predador,grillopalpidae,1,39200
178,A,3,10,macro,predador,staphylinidae,2,943.544038371719
179,A,3,10,meso,detritivoro,enquitreido,5,1323.66048424124
180,A,3,10,meso,detritivoro,isotomidae,2,2.15749908739685
181,A,3,10,meso,detritivoro,oripodidae,30,22.2000343258278
182,A,3,10,meso,detritivoro,pupa_diptera,3,826.868142666667
183,A,3,10,meso,microfitofago,entomobryoidea,1,62.9849781859312
184,A,3,10,meso,omnivoro,astigmata,7,21.0817798473439
185,A,3,10,meso,omnivoro,hipogastruridae,4,22.7199190065946
186,A,3,10,meso,predador,eupodoidea,2,2.37864325977737
187,A,3,10,micro,herbivoro,fitofago,24,2.11003847506132
188,A,3,10,micro,microfitofago,bacterivoro,155,2.84534941512294
189,A,3,10,micro,microfitofago,fungivoro,48,7.27291366805931
190,A,3,10,micro,omnivoro,omnivoro,103,30.4931014562844
191,A,3,10,micro,predador,predador,48,5.50752020463689
192,A,3,20,macro,detritivoro,oniscoidea,1,21600
193,A,3,20,macro,predador,linyphiidae,1,5600
194,A,3,20,macro,predador,nematomorpha,1,7200
195,A,3,20,macro,predador,trogossitidae,1,3600
196,A,3,Frag,macro,detritivoro,larva_coleoptero,2,3915.21493325
197,A,3,Frag,macro,predador,carabidae,2,868.886010686594
198,A,3,Frag,macro,predador,staphylinidae,1,830.865608149033
199,A,3,Frag,meso,detritivoro,enquitreido,13,1961.99986436688
200,A,3,Frag,meso,detritivoro,isotomidae,20,14.0958581765016
201,A,3,Frag,meso,detritivoro,larva_diptera,6,293.241709556587
202,A,3,Frag,meso,detritivoro,oripodidae,3,15.9395676752981
203,A,3,Frag,meso,detritivoro,pupa_diptera,2,1250.37574175
204,A,3,Frag,meso,detritivoro,scheloribates,7,27.9687101319133
205,A,3,Frag,meso,detritivoro,symphypleona,5,41.9549489930474
206,A,3,Frag,meso,herbivoro,afido,9,190.880248612448
207,A,3,Frag,meso,herbivoro,trip,3,104.573615131403
208,A,3,Frag,meso,microfitofago,entomobryoidea,3,17.2742310180225
209,A,3,Frag,meso,microfitofago,larva_sciaridae,4,1555.10769831678
210,A,3,Frag,meso,microfitofago,oppioidea,2,21.3063988377716
211,A,3,Frag,meso,microfitofago,oribatulidae,8,59.0952863861442
212,A,3,Frag,meso,omnivoro,astigmata,5,26.5201677924078
213,A,3,Frag,meso,omnivoro,hipogastruridae,110,42.4400823964073
214,A,3,Frag,meso,predador,bdelloidea,2,12.8709590198192
215,A,3,Frag,meso,predador,dermanisoidea,3,104.566257698423
216,A,3,Frag,meso,predador,eupodoidea,1,3.32160501043132
217,A,3,Frag,meso,predador,ologamasidae,3,171.776618391385
218,A,3,Frag,meso,predador,parasitidae,6,11.5740147633999
219,A,3,Frag,meso,predador,rhodacaroidea,2,17.9690446440514
220,A,3,H,macro,detritivoro,blattodea,1,306.782942011396
221,A,3,H,macro,detritivoro,diplopoda,1,8400
222,A,3,H,macro,detritivoro,oniscoidea,1,1600
223,A,3,H,macro,detritivoro,pythidae,1,298800
224,A,3,H,macro,herbivoro,cicadidae,1,545.941605029287
225,A,3,H,macro,herbivoro,hemiptera,1,1192.04272807355
226,A,3,H,macro,predador,formicidae,2,783.814276672791
227,A,3,H,macro,predador,geophylomorpha,1,2000
228,A,3,H,macro,predador,larva_carabidae,1,2400
229,A,3,H,macro,predador,linyphiidae,1,9200
230,A,3,H,macro,predador,lycosidae,3,18666.6666666667
231,A,3,H,macro,predador,staphylinidae,4,1032.92573707869
232,A,3,H,meso,herbivoro,afido,5,1002.63876749861
233,A,3,H,meso,microfitofago,entomobryoidea,1,161.768158273753
234,A,3,H,meso,predador,mesostigmata,5,132.40345610099
235,A,3,Hoja,macro,predador,formicidae,1,757.325004120951
236,A,3,Hoja,meso,detritivoro,enquitreido,2,2139.29922622864
237,A,3,Hoja,meso,detritivoro,pupa_diptera,1,4186.3646485
238,A,3,Hoja,meso,microfitofago,larva_sciaridae,2,1882.62986061218
239,A,3,Hoja,meso,omnivoro,hipogastruridae,17,40.7026458966175
240,A,3,humus,meso,detritivoro,ceratozetoidea,2,21.3182237977438
241,A,3,humus,meso,detritivoro,isotomidae,11,5.31460937670092
242,A,3,humus,meso,detritivoro,larva_diptera,1,47.9918914015558
243,A,3,humus,meso,detritivoro,oripodidae,7,14.362611290611
244,A,3,humus,meso,detritivoro,pupa_diptera,5,598.9000986
245,A,3,humus,meso,detritivoro,scheloribates,5,13.9243798023066
246,A,3,humus,meso,detritivoro,symphypleona,4,27.5992962653343
247,A,3,humus,meso,herbivoro,trip,11,40.7494479503318
248,A,3,humus,meso,microfitofago,onichiuridae,1,7.92341873932793
249,A,3,humus,meso,microfitofago,oribatulidae,4,11.1215386609644
250,A,3,humus,meso,omnivoro,astigmata,18,6.40475341641989
251,A,3,humus,meso,omnivoro,hipogastruridae,20,7.97077901253687
252,A,3,humus,meso,omnivoro,tardigrado,2,88.2871694540196
253,A,3,humus,meso,predador,bdelloidea,2,3.93838305870232
254,A,3,humus,meso,predador,dermanisoidea,1,8.96680790433841
255,A,3,humus,meso,predador,eupodoidea,5,2.25352880561637
256,A,3,humus,meso,predador,rhodacaroidea,1,11.9017184244889
257,A,3,humus,meso,predador,tenerifidae,1,1.64460545508266
258,A,3,humus,meso,predador,tydeoidea,1,2.83495693000414
259,P,1,10,macro,detritivoro,Aporrectodea_trapezoides,1,72750
260,P,1,10,macro,detritivoro,blattodea,1,7600
261,P,1,10,macro,detritivoro,diplopoda,2,20800
262,P,1,10,macro,detritivoro,juvenil,11,30136.3636363636
263,P,1,10,macro,detritivoro,larva_coleoptero,1,2610.1693895
264,P,1,10,macro,detritivoro,larva_scarabaeidae,1,841200
265,P,1,10,macro,detritivoro,oniscoidea,13,10953.8461538462
266,P,1,10,macro,detritivoro,tenebrionidae,1,13600
267,P,1,10,macro,predador,carabidae,6,3466.66666666667
268,P,1,10,macro,predador,coccinelidae,1,6800
269,P,1,10,macro,predador,formicidae,3,412.85860418858
270,P,1,10,macro,predador,geophylomorpha,2,7600
271,P,1,10,macro,predador,staphylinidae,6,2318.99015931133
272,P,1,10,meso,detritivoro,ceratozetoidea,6,16.537169291426
273,P,1,10,meso,detritivoro,enquitreido,11,1223.04498385085
274,P,1,10,meso,detritivoro,isotomidae,1,1.51244315544603
275,P,1,10,meso,detritivoro,oripodidae,3,14.0870882387854
276,P,1,10,meso,detritivoro,scheloribates,1,12.8314664924239
277,P,1,10,meso,herbivoro,afido,1,50.456885502928
278,P,1,10,meso,herbivoro,trip,1,81.7510797879113
279,P,1,10,meso,microfitofago,galumnidae,1,8.23509895956942
280,P,1,10,meso,microfitofago,limnozetidae,1,41.0861222352013
281,P,1,10,meso,microfitofago,onichiuridae,4,6.62926488117868
282,P,1,10,meso,microfitofago,oppioidea,1,18.4965460380334
283,P,1,10,meso,microfitofago,oribatulidae,1,11.719017492439
284,P,1,10,meso,microfitofago,symphyla,1,39.4706319362744
285,P,1,10,meso,omnivoro,tardigrado,2,145.403843066436
286,P,1,10,meso,predador,bdelloidea,1,13.9004701354604
287,P,1,10,meso,predador,ichtyostomatogasteridae,1,895.257699422101
288,P,1,10,meso,predador,parasitidae,2,17.2649197115697
289,P,1,10,meso,predador,rhodacaroidea,3,9.74448729911216
290,P,1,10,micro,herbivoro,fitofago,8,1.87018184408173
291,P,1,10,micro,microfitofago,bacterivoro,170,0.742667181005945
292,P,1,10,micro,microfitofago,fungivoro,178,3.35892507541629
293,P,1,10,micro,omnivoro,omnivoro,116,10.4411637214987
294,P,1,10,micro,predador,predador,85,2.80359614742294
295,P,1,20,macro,detritivoro,blattodea,1,8000
296,P,1,20,macro,detritivoro,diplopoda,1,16800
297,P,1,20,macro,detritivoro,oniscoidea,3,4000
298,P,1,20,macro,herbivoro,hemiptera,1,14000
299,P,1,20,macro,predador,carabidae,1,2400
300,P,1,20,macro,predador,formicidae,2,377.10546006166
301,P,1,20,macro,predador,lycosidae,1,30000
302,P,1,20,macro,predador,staphylinidae,1,5600
303,P,1,20,macro,NA,ptilidae,3,4266.66666666667
304,P,1,Frag,macro,detritivoro,oniscoidea,1,1470.0036378
305,P,1,Frag,macro,herbivoro,cicadidae,2,892.613633204312
306,P,1,Frag,macro,predador,carabidae,1,1413.63498530469
307,P,1,Frag,macro,predador,staphylinidae,1,1959.20479938395
308,P,1,Frag,meso,detritivoro,ceratozetoidea,8,23.6912147782503
309,P,1,Frag,meso,detritivoro,enquitreido,26,2782.31291111036
310,P,1,Frag,meso,detritivoro,isotomidae,12,16.8791606358877
311,P,1,Frag,meso,detritivoro,pupa_diptera,1,2537.2399155
312,P,1,Frag,meso,detritivoro,scheloribates,18,13.8070364853067
313,P,1,Frag,meso,herbivoro,afido,5,349.150314806012
314,P,1,Frag,meso,microfitofago,entomobryoidea,1,20.2657125085365
315,P,1,Frag,meso,microfitofago,eremobelbidae,4,61.2448425307194
316,P,1,Frag,meso,microfitofago,galumnidae,2,169.034561746248
317,P,1,Frag,meso,microfitofago,onichiuridae,10,17.0555762436893
318,P,1,Frag,meso,microfitofago,oppioidea,2,7.94192625485579
319,P,1,Frag,meso,omnivoro,astigmata,1,5.41637997552839
320,P,1,Frag,meso,omnivoro,hipogastruridae,8,11.3259013799041
321,P,1,Frag,meso,predador,bdelloidea,4,2.64230868454563
322,P,1,Frag,meso,predador,eviphididae,1,48.0837245366025
323,P,1,Frag,meso,predador,ichtyostomatogasteridae,1,7.01725691994862
324,P,1,Frag,meso,predador,ologamasidae,1,22.3996205842662
325,P,1,Frag,meso,predador,parasitidae,10,14.1085229339049
326,P,1,H,macro,detritivoro,Aporrectodea_rosea,1,22500
327,P,1,H,macro,detritivoro,diplopoda,2,40800
328,P,1,H,macro,detritivoro,juvenil,1,171.650701091054
329,P,1,H,macro,detritivoro,larva_scarabaeidae,1,218000
330,P,1,H,macro,detritivoro,oniscoidea,43,11590.6976744186
331,P,1,H,macro,detritivoro,tenebrionidae,1,7600
332,P,1,H,macro,predador,carabidae,2,2600
333,P,1,H,macro,predador,formicidae,1,1600
334,P,1,H,macro,predador,linyphiidae,2,2800
335,P,1,H,macro,predador,staphylinidae,8,2581.05277801504
336,P,1,H,macro,predador,trogossitidae,1,924.136933004054
337,P,1,H,meso,microfitofago,symphyla,1,2400
338,P,1,H,meso,predador,tarsonemidae,1,800
339,P,1,Hoja,meso,detritivoro,enquitreido,8,1416.98953489858
340,P,1,Hoja,meso,detritivoro,larva_diptera,2,481.151426545212
341,P,1,Hoja,meso,detritivoro,oripodidae,1,21.3205277315931
342,P,1,Hoja,meso,detritivoro,scheloribates,1,42.5815783286955
343,P,1,Hoja,meso,microfitofago,entomobryoidea,1,41.6583317947629
344,P,1,Hoja,meso,omnivoro,tardigrado,2,107.727263282466
345,P,1,Hoja,meso,predador,parasitidae,1,5.66906671033864
346,P,1,hoja,meso,herbivoro,trip,1,357.714292298924
347,P,1,hoja,meso,omnivoro,tardigrado,9,394.363278911969
348,P,1,hoja,meso,predador,parasitidae,2,4.8447011169491
349,P,1,hoja,meso,predador,tydeoidea,1,3.82798119693046
350,P,1,humus,macro,microfitofago,psocoptera,1,92.4575121467924
351,P,1,humus,macro,predador,carabidae,1,22.6164508764837
352,P,1,humus,meso,detritivoro,ceratozetoidea,16,21.0490057304166
353,P,1,humus,meso,detritivoro,enquitreido,24,1126.51262433664
354,P,1,humus,meso,detritivoro,epilhomanioidea,1,7.56030832934205
355,P,1,humus,meso,detritivoro,isotomidae,40,14.1940235502149
356,P,1,humus,meso,detritivoro,oripodidae,33,14.2977138094953
357,P,1,humus,meso,detritivoro,scheloribates,52,11.8625448591614
358,P,1,humus,meso,herbivoro,trip,1,407.024415079994
359,P,1,humus,meso,microfitofago,entomobryoidea,3,44.4113103412307
360,P,1,humus,meso,microfitofago,eremobelbidae,5,54.8386315074767
361,P,1,humus,meso,microfitofago,limnozetidae,2,55.5926864159043
362,P,1,humus,meso,microfitofago,onichiuridae,17,11.2654306650066
363,P,1,humus,meso,microfitofago,oppioidea,13,8.43772137155487
364,P,1,humus,meso,microfitofago,oribatulidae,14,20.2701005802478
365,P,1,humus,meso,microfitofago,protura,1,2.40525301005366
366,P,1,humus,meso,omnivoro,hipogastruridae,7,5.01724374960701
367,P,1,humus,meso,omnivoro,tardigrado,28,201.255605415077
368,P,1,humus,meso,predador,bdelloidea,19,5.62054887595445
369,P,1,humus,meso,predador,eupodoidea,3,4.55966943896134
370,P,1,humus,meso,predador,ologamasidae,1,32.110108727922
371,P,1,humus,meso,predador,parasitidae,81,39.0106451516852
372,P,1,humus,meso,predador,rhodacaroidea,10,8.87779556296473
373,P,2,10,macro,detritivoro,Aporrectodea_trapezoides,1,68700
374,P,2,10,macro,detritivoro,Eukerria_halophila,1,9150
375,P,2,10,macro,detritivoro,Glossoscolex,1,59550
376,P,2,10,macro,detritivoro,Microscolex_phosphoreus,1,5100
377,P,2,10,macro,detritivoro,coleoptera,4,5500
378,P,2,10,macro,detritivoro,juvenil,15,22546.6666666667
379,P,2,10,macro,detritivoro,larva_coleoptero,1,6074.5347315
380,P,2,10,macro,detritivoro,larva_scarabaeidae,4,290700
381,P,2,10,macro,detritivoro,oniscoidea,31,7255.48387096774
382,P,2,10,macro,herbivoro,terebrantia,1,544.525955581365
383,P,2,10,macro,predador,formicidae,2,665.59662973423
384,P,2,10,macro,predador,staphylinidae,3,1117.54208099476
385,P,2,10,macro,NA,ptilidae,1,73.4845570727823
386,P,2,10,meso,detritivoro,enquitreido,1,1323.30791445306
387,P,2,10,meso,detritivoro,isotomidae,9,4.98502736558407
388,P,2,10,meso,detritivoro,oripodidae,12,13.711595062522
389,P,2,10,meso,detritivoro,scheloribates,6,14.5416650812556
390,P,2,10,meso,microfitofago,oribatulidae,5,32.415488558026
391,P,2,10,meso,microfitofago,symphyla,1,19.8435577869808
392,P,2,10,meso,omnivoro,tardigrado,3,285.063482244198
393,P,2,10,meso,predador,dermanisoidea,1,83.3844195544714
394,P,2,10,meso,predador,eupodoidea,2,0.714488136892125
395,P,2,10,meso,predador,parasitidae,1,19.4778797442025
396,P,2,10,meso,predador,penthalidae,1,3.01069151696441
397,P,2,10,meso,predador,rhodacaroidea,2,6.6562195846625
398,P,2,10,micro,herbivoro,fitofago,80,0.388123313595184
399,P,2,10,micro,microfitofago,bacterivoro,188,1.54866418247898
400,P,2,10,micro,microfitofago,fungivoro,131,3.59051433308952
401,P,2,10,micro,omnivoro,omnivoro,74,8.36134418790938
402,P,2,10,micro,predador,predador,46,4.00953782798421
403,P,2,20,macro,detritivoro,Eukerria_halophila,1,3300
404,P,2,20,macro,detritivoro,Microscolex_phosphoreus,2,4575
405,P,2,20,macro,detritivoro,anthribidae,4,14600
406,P,2,20,macro,detritivoro,juvenil,4,20362.5
407,P,2,20,macro,detritivoro,larva_scarabaeidae,1,7600
408,P,2,20,macro,detritivoro,oniscoidea,1,4800
409,P,2,20,meso,microfitofago,entomobryoidea,1,99.0595952011892
410,P,2,Frag,macro,detritivoro,larva_coleoptero,2,6157.7594265
411,P,2,Frag,macro,detritivoro,oniscoidea,10,2184.7650756
412,P,2,Frag,meso,detritivoro,isotomidae,2,28.012713637173
413,P,2,Frag,meso,detritivoro,larva_diptera,3,471.026450280544
414,P,2,Frag,meso,detritivoro,oripodidae,16,13.8295283752397
415,P,2,Frag,meso,detritivoro,scheloribates,25,16.8893767360902
416,P,2,Frag,meso,herbivoro,trip,4,369.011110125667
417,P,2,Frag,meso,microfitofago,galumnidae,4,130.050565980397
418,P,2,Frag,meso,microfitofago,larva_sciaridae,2,1578.60239439393
419,P,2,Frag,meso,microfitofago,onichiuridae,2,19.8613891066972
420,P,2,Frag,meso,microfitofago,oppioidea,2,10.6075149916369
421,P,2,Frag,meso,microfitofago,oribatulidae,34,28.5510067645138
422,P,2,Frag,meso,omnivoro,astigmata,1,18.5439219528229
423,P,2,Frag,meso,omnivoro,hipogastruridae,2,31.1514068704832
424,P,2,Frag,meso,omnivoro,tardigrado,1,533.269737472729
425,P,2,Frag,meso,predador,dermanisoidea,2,44.935496506256
426,P,2,Frag,meso,predador,eupodoidea,1,5.66404683462433
427,P,2,Frag,meso,predador,eviphididae,8,56.4466705012434
428,P,2,Frag,meso,predador,rhagidiidae,1,10.7990053505364
429,P,2,Frag,meso,predador,rhodacaroidea,4,8.26758359576309
430,P,2,H,macro,detritivoro,juvenil,1,19200
431,P,2,H,macro,detritivoro,oniscoidea,11,10400
432,P,2,H,macro,detritivoro,tenebrionidae,1,15600
433,P,2,H,macro,predador,larva_staphylinidae,1,19200
434,P,2,H,macro,predador,linyphiidae,1,8400
435,P,2,H,macro,predador,staphylinidae,6,3144.22517817869
436,P,2,hoja,meso,detritivoro,eupthiracaroidea,1,42.1525042665941
437,P,2,hoja,meso,detritivoro,isotomidae,2,15.6780751553172
438,P,2,hoja,meso,detritivoro,oripodidae,3,32.2105797881435
439,P,2,hoja,meso,herbivoro,trip,1,263.173213107666
440,P,2,hoja,meso,microfitofago,eremobelbidae,1,70.0047802989184
441,P,2,hoja,meso,microfitofago,oppioidea,1,12.0315083866205
442,P,2,hoja,meso,microfitofago,oribatulidae,1,31.2537379507798
443,P,2,hoja,meso,omnivoro,tardigrado,2,284.731885115206
444,P,2,hoja,meso,predador,rhodacaroidea,5,7.45908919033499
445,P,2,humus,meso,detritivoro,ceratozetoidea,7,16.6897648057028
446,P,2,humus,meso,detritivoro,isotomidae,7,3.71309307748515
447,P,2,humus,meso,detritivoro,larva_diptera,1,59.8781428516762
448,P,2,humus,meso,detritivoro,oripodidae,31,16.1454703018956
449,P,2,humus,meso,detritivoro,scheloribates,11,14.2676029668403
450,P,2,humus,meso,herbivoro,trip,1,223.297832755855
451,P,2,humus,meso,microfitofago,limnozetidae,1,38.9302634021245
452,P,2,humus,meso,microfitofago,onichiuridae,1,6.07909689715439
453,P,2,humus,meso,microfitofago,oppioidea,4,10.1323301844148
454,P,2,humus,meso,microfitofago,oribatulidae,22,34.8153606785052
455,P,2,humus,meso,omnivoro,astigmata,11,10.6279542348908
456,P,2,humus,meso,omnivoro,hipogastruridae,2,4.94821898607404
457,P,2,humus,meso,omnivoro,tardigrado,2,114.025104413353
458,P,2,humus,meso,predador,eupodoidea,5,4.28648744534761
459,P,2,humus,meso,predador,parasitidae,8,14.2521295621035
460,P,2,humus,meso,predador,rhodacaroidea,4,7.72159756198807
461,P,3,10,macro,detritivoro,Octolasion_tyrtaeum,1,68100
462,P,3,10,macro,detritivoro,juvenil,3,27483.3333333333
463,P,3,10,macro,detritivoro,larva_scarabaeidae,1,110000
464,P,3,10,macro,detritivoro,oniscoidea,3,17990.2980438667
465,P,3,10,macro,predador,carabidae,2,4125.59087545018
466,P,3,10,macro,predador,formicidae,4,331.303554911637
467,P,3,10,macro,predador,linyphiidae,4,5543.68411511531
468,P,3,10,macro,predador,staphylinidae,1,4800
469,P,3,10,meso,detritivoro,enquitreido,1,1306.07011553637
470,P,3,10,meso,detritivoro,oripodidae,3,26.2663843826965
471,P,3,10,meso,detritivoro,scheloribates,3,17.6872370755545
472,P,3,10,meso,herbivoro,trip,1,317.928230870699
473,P,3,10,meso,microfitofago,eremobelbidae,1,61.1366607859955
474,P,3,10,meso,microfitofago,onichiuridae,1,5.03766420985621
475,P,3,10,meso,omnivoro,astigmata,7,2.15749019158765
476,P,3,10,meso,omnivoro,tardigrado,15,263.622131508779
477,P,3,10,meso,predador,laelapidae,2,39.9312952443731
478,P,3,10,meso,predador,parasitidae,2,20.6202532380868
479,P,3,10,meso,predador,rhodacaroidea,4,11.5848949607382
480,P,3,10,micro,herbivoro,fitofago,151,0.435160175989242
481,P,3,10,micro,microfitofago,bacterivoro,224,0.277561315863969
482,P,3,10,micro,microfitofago,fungivoro,194,0.709144943195523
483,P,3,10,micro,omnivoro,omnivoro,61,5.36500681312002
484,P,3,10,micro,predador,predador,6,1.02843262832133
485,P,3,20,macro,detritivoro,blattodea,1,800
486,P,3,20,macro,detritivoro,larva_scarabaeidae,1,967200
487,P,3,20,macro,detritivoro,oniscoidea,1,12400
488,P,3,20,macro,predador,formicidae,1,2000
489,P,3,20,macro,predador,linyphiidae,1,221.436784996673
490,P,3,20,meso,microfitofago,entomobryoidea,1,45.2252809172532
491,P,3,Frag,macro,herbivoro,hemiptera,1,245.322545535333
492,P,3,Frag,meso,detritivoro,ceratozetoidea,1,8.58471303892538
493,P,3,Frag,meso,detritivoro,oripodidae,17,567.511144702242
494,P,3,Frag,meso,detritivoro,scheloribates,14,24.2215907259401
495,P,3,Frag,meso,herbivoro,trip,1,218.342591218162
496,P,3,Frag,meso,microfitofago,eremobelbidae,4,40.4162318786297
497,P,3,Frag,meso,microfitofago,galumnidae,1,103.408520937883
498,P,3,Frag,meso,microfitofago,lohmanidae,1,10.5946909119123
499,P,3,Frag,meso,microfitofago,onichiuridae,1,13.9643604842553
500,P,3,Frag,meso,microfitofago,oribatulidae,19,18.3589746273728
501,P,3,Frag,meso,omnivoro,astigmata,1,3.95442027411867
502,P,3,Frag,meso,omnivoro,tardigrado,43,162.107673530766
503,P,3,Frag,meso,predador,alycidae,1,7.72024950683907
504,P,3,Frag,meso,predador,bdelloidea,2,9.67918316942685
505,P,3,Frag,meso,predador,laelapidae,4,15.2797885554217
506,P,3,Frag,meso,predador,parasitidae,1,24.0959415983658
507,P,3,Frag,meso,predador,penthalidae,2,5.56953315769039
508,P,3,Frag,meso,predador,rhodacaroidea,2,4.13186859892101
509,P,3,H,macro,detritivoro,oniscoidea,3,23200
510,P,3,H,macro,predador,trogossitidae,1,865.600402249675
511,P,3,hoja,meso,detritivoro,larva_diptera,1,86.3822413735583
512,P,3,hoja,meso,detritivoro,oripodidae,2,22.4283541942294
513,P,3,hoja,meso,detritivoro,scheloribates,1,28.2198976825158
514,P,3,hoja,meso,herbivoro,afido,1,484.283884020288
515,P,3,hoja,meso,herbivoro,trip,1,215.774697506711
516,P,3,hoja,meso,microfitofago,larva_sciaridae,1,1888.93207894644
517,P,3,hoja,meso,microfitofago,oribatulidae,1,44.0947318194729
518,P,3,hoja,meso,omnivoro,tardigrado,29,341.774022437381
519,P,3,humus,macro,detritivoro,larva_coleoptero,3,2841.86825716667
520,P,3,humus,macro,detritivoro,oniscoidea,1,2110.2150132
521,P,3,humus,macro,predador,formicidae,10,359.904387554656
522,P,3,humus,meso,detritivoro,ceratozetoidea,1,21.9603111591987
523,P,3,humus,meso,detritivoro,epilhomanioidea,1,110.009597064037
524,P,3,humus,meso,detritivoro,larva_diptera,4,484.090132664038
525,P,3,humus,meso,detritivoro,oripodidae,8,19.2954666567329
526,P,3,humus,meso,detritivoro,scheloribates,6,25.2352711140658
527,P,3,humus,meso,herbivoro,afido,1,266.016115981217
528,P,3,humus,meso,herbivoro,trip,3,346.110075345557
529,P,3,humus,meso,microfitofago,eremobelbidae,5,59.4916045321781
530,P,3,humus,meso,microfitofago,limnozetidae,1,104.088968675335
531,P,3,humus,meso,microfitofago,onichiuridae,2,12.8645338681632
532,P,3,humus,meso,microfitofago,oppioidea,1,16.0780225921189
533,P,3,humus,meso,microfitofago,oribatulidae,2,39.6331955791851
534,P,3,humus,meso,omnivoro,tardigrado,50,486.569888666452
535,P,3,humus,meso,predador,bdelloidea,2,8.50163688262081
536,P,3,humus,meso,predador,dermanisoidea,1,22.7714903189253
537,P,3,humus,meso,predador,eupodoidea,1,3.90689054102528
538,P,3,humus,meso,predador,eviphididae,1,16.5315383036873
539,P,3,humus,meso,predador,laelapidae,1,63.9230181319301
540,P,3,humus,meso,predador,rhodacaroidea,3,2.69783322378925
541,R,1,10,macro,detritivoro,Aporrectodea_caliginosa,1,44250
542,R,1,10,macro,detritivoro,Aporrectodea_trapezoides,2,36600
543,R,1,10,macro,detritivoro,Bimastos_beddardi_sophiae,4,51637.5
544,R,1,10,macro,detritivoro,diplopoda,1,12000
545,R,1,10,macro,detritivoro,elateriforme,1,4400
546,R,1,10,macro,detritivoro,juvenil,35,8970
547,R,1,10,macro,detritivoro,oniscoidea,8,19800
548,R,1,10,macro,predador,formicidae,37,1074.07146196344
549,R,1,10,macro,predador,larva_carabidae,1,106800
550,R,1,10,macro,predador,trogossitidae,1,8400
551,R,1,10,meso,detritivoro,enquitreido,22,1010.61975600434
552,R,1,10,meso,detritivoro,larva_diptera,1,4615.53943138152
553,R,1,10,meso,detritivoro,oripodidae,2,12.2864071396653
554,R,1,10,meso,microfitofago,galumnidae,3,96.4704160747613
555,R,1,10,meso,microfitofago,onichiuridae,9,2.75394110046638
556,R,1,10,meso,microfitofago,oppioidea,3,7.66546854823524
557,R,1,10,meso,microfitofago,oribatulidae,1,14.6413753569692
558,R,1,10,meso,omnivoro,tardigrado,5,456.398032603141
559,R,1,10,meso,predador,arctacaridae,1,18.0060070266512
560,R,1,10,meso,predador,japygiidae,1,14.0013034707283
561,R,1,10,meso,predador,uropodidae,1,100.709892811347
562,R,1,10,micro,herbivoro,fitofago,143,2.00405121072777
563,R,1,10,micro,microfitofago,bacterivoro,143,2.18664158614903
564,R,1,10,micro,microfitofago,fungivoro,143,4.37485940495959
565,R,1,10,micro,omnivoro,omnivoro,18,8.29269638686084
566,R,1,10,micro,predador,predador,4,3.57445881491333
567,R,1,20,macro,detritivoro,Aporrectodea_rosea,1,28650
568,R,1,20,macro,detritivoro,Bimastos_parvus,1,3450
569,R,1,20,macro,detritivoro,juvenil,6,5875
570,R,1,20,macro,herbivoro,cicadidae,6,92200
571,R,1,20,macro,predador,formicidae,11,1078.40741023064
572,R,1,20,macro,predador,larva_carabidae,1,800
573,R,1,20,macro,predador,nematomorpha,1,22400
574,R,1,20,meso,detritivoro,isotomidae,11,186.015446877996
575,R,1,20,meso,microfitofago,entomobryoidea,1,195.614748944503
576,R,1,20,meso,microfitofago,symphyla,1,10.9718148654117
577,R,1,20,meso,predador,parajapygidae,1,26.4919774283054
578,R,1,Frag,macro,microfitofago,gasteropoda,2,61.3797292199268
579,R,1,Frag,meso,detritivoro,enquitreido,8,2905.26140823875
580,R,1,Frag,meso,detritivoro,eupthiracaroidea,2,72.8286502822944
581,R,1,Frag,meso,detritivoro,larva_diptera,2,315.077427976886
582,R,1,Frag,meso,detritivoro,oripodidae,10,12.8623951991186
583,R,1,Frag,meso,detritivoro,symphypleona,2,61.9413184995465
584,R,1,Frag,meso,microfitofago,entomobryoidea,2,80.7797073989784
585,R,1,Frag,meso,microfitofago,galumnidae,5,122.562466817674
586,R,1,Frag,meso,microfitofago,limnozetidae,1,18.226994248188
587,R,1,Frag,meso,microfitofago,onichiuridae,3,2.94368215903478
588,R,1,Frag,meso,microfitofago,oribatulidae,4,19.512588464105
589,R,1,Frag,meso,predador,laelapidae,1,19.6580365527955
590,R,1,Frag,meso,predador,ologamasidae,4,57.480695519899
591,R,1,Frag,meso,predador,parasitidae,4,17.148344863163
592,R,1,H,macro,detritivoro,diplopoda,1,15200
593,R,1,H,macro,detritivoro,oniscoidea,7,18000
594,R,1,H,macro,microfitofago,gasteropoda,1,163600
595,R,1,H,macro,predador,linyphiidae,1,4800
596,R,1,H,macro,predador,lycosidae,7,2851.43122215627
597,R,1,H,macro,predador,staphylinidae,1,1252.69516665254
598,R,1,H,meso,detritivoro,enquitreido,1,1183.35775507643
599,R,1,H,meso,detritivoro,larva_diptera,1,7200
600,R,1,H,meso,microfitofago,entomobryoidea,3,195.614748944503
601,R,1,Hoja,meso,detritivoro,enquitreido,7,745.909315615359
602,R,1,Hoja,meso,detritivoro,isotomidae,2,8.93198271346193
603,R,1,Hoja,meso,detritivoro,larva_diptera,1,700.125270685901
604,R,1,Hoja,meso,herbivoro,afido,1,58.4930072522645
605,R,1,humus,macro,microfitofago,gasteropoda,3,46.1027464824453
606,R,1,humus,meso,detritivoro,ceratozetoidea,3,11.9910450880093
607,R,1,humus,meso,detritivoro,enquitreido,18,952.67937940233
608,R,1,humus,meso,detritivoro,eupthiracaroidea,1,30.7533299261933
609,R,1,humus,meso,detritivoro,isotomidae,1,3.31914913703814
610,R,1,humus,meso,detritivoro,larva_diptera,2,219.447097535934
611,R,1,humus,meso,detritivoro,oripodidae,37,12.1834647742228
612,R,1,humus,meso,detritivoro,scheloribates,7,11.2105040895321
613,R,1,humus,meso,detritivoro,symphypleona,1,34.8200139086647
614,R,1,humus,meso,herbivoro,afido,1,34.0530660592713
615,R,1,humus,meso,herbivoro,trip,2,183.560050435934
616,R,1,humus,meso,microfitofago,entomobryoidea,7,15.6675749610594
617,R,1,humus,meso,microfitofago,limnozetidae,1,14.090090798079
618,R,1,humus,meso,microfitofago,onichiuridae,15,2.651021286801
619,R,1,humus,meso,microfitofago,oppioidea,6,6.64787593170694
620,R,1,humus,meso,microfitofago,oribatulidae,13,15.7452612407005
621,R,1,humus,meso,microfitofago,symphyla,1,1.76873676100547
622,R,1,humus,meso,omnivoro,astigmata,3,3.95151691758611
623,R,1,humus,meso,omnivoro,hipogastruridae,1,3.72860142552515
624,R,1,humus,meso,omnivoro,tardigrado,15,310.471427613345
625,R,1,humus,meso,predador,arctacaridae,3,15.0252783501292
626,R,1,humus,meso,predador,bdelloidea,1,4.85653229294316
627,R,1,humus,meso,predador,eupodoidea,1,2.94969889656467
628,R,1,humus,meso,predador,eviphididae,1,41.5764839527541
629,R,1,humus,meso,predador,rhodacaroidea,1,7.55433886972826
630,R,1,humus,meso,predador,tydeoidea,2,9.55068581489762
631,R,1,humus,meso,predador,uropodidae,3,58.8957345446423
632,R,2,10,macro,detritivoro,diplopoda,2,16800
633,R,2,10,macro,detritivoro,juvenil,21,16928.5714285714
634,R,2,10,macro,detritivoro,oniscoidea,49,7657.14285714286
635,R,2,10,macro,predador,arannae,1,150.099704811027
636,R,2,10,macro,predador,formicidae,2,388.559123054919
637,R,2,10,macro,predador,geophylomorpha,7,8285.71428571429
638,R,2,10,macro,predador,lycosidae,1,7200
639,R,2,10,macro,NA,diptera,1,22400
640,R,2,10,meso,detritivoro,enquitreido,9,724.43738833184
641,R,2,10,meso,detritivoro,isotomidae,9,3.18626598011757
642,R,2,10,meso,microfitofago,galumnidae,1,8.97834951205339
643,R,2,10,meso,microfitofago,onichiuridae,4,3.26988744440071
644,R,2,10,meso,omnivoro,tardigrado,4,344.270259754017
645,R,2,10,meso,predador,japygiidae,1,50.475211827975
646,R,2,10,micro,herbivoro,fitofago,189,1.52934900888747
647,R,2,10,micro,microfitofago,bacterivoro,404,3.48806645697226
648,R,2,10,micro,microfitofago,fungivoro,215,9.77496966317496
649,R,2,10,micro,omnivoro,omnivoro,139,46.7485763359798
650,R,2,10,micro,predador,predador,51,12.8803435608079
651,R,2,20,macro,detritivoro,oniscoidea,2,10200
652,R,2,20,macro,predador,carabidae,1,8800
653,R,2,20,macro,predador,formicidae,11,3024.51079931737
654,R,2,20,macro,predador,geophylomorpha,3,3943.59480867418
655,R,2,20,macro,predador,lycosidae,1,6800
656,R,2,Frag,meso,detritivoro,enquitreido,2,1160.3103907369
657,R,2,Frag,meso,detritivoro,isotomidae,1,6.33747093534396
658,R,2,Frag,meso,detritivoro,oripodidae,2,5.66438954971265
659,R,2,Frag,meso,microfitofago,entomobryoidea,1,39.791130964606
660,R,2,Frag,meso,microfitofago,galumnidae,1,8.57182529334826
661,R,2,Frag,meso,microfitofago,larva_sciaridae,3,11073.5167299665
662,R,2,Frag,meso,microfitofago,onichiuridae,2,2.17608344499572
663,R,2,Frag,meso,microfitofago,oribatulidae,1,6.96684376023273
664,R,2,Frag,meso,omnivoro,hipogastruridae,2,22.2076667918063
665,R,2,Frag,meso,omnivoro,tardigrado,1,167.623340772666
666,R,2,H,macro,detritivoro,diplopoda,1,47200
667,R,2,H,macro,detritivoro,oniscoidea,37,11718.9189189189
668,R,2,H,macro,microfitofago,larva_elateridae,3,933.333333333333
669,R,2,H,macro,predador,formicidae,2,2263.8348877047
670,R,2,H,macro,predador,lycosidae,2,6400
671,R,2,H,macro,predador,staphylinidae,1,3571.09643347206
672,R,2,H,meso,microfitofago,entomobryoidea,1,152.783566389779
673,R,2,H,meso,microfitofago,larva_sciaridae,2,19164.2793644236
674,R,2,Hoja,macro,detritivoro,larva_coleoptero,1,3708.1573805
675,R,2,Hoja,macro,microfitofago,psocoptera,1,141.276736805202
676,R,2,Hoja,meso,detritivoro,enquitreido,8,855.065502178269
677,R,2,Hoja,meso,detritivoro,isotomidae,2,2.55723818990148
678,R,2,Hoja,meso,detritivoro,oripodidae,1,12.0944242844404
679,R,2,Hoja,meso,herbivoro,afido,1,105.803062538991
680,R,2,Hoja,meso,microfitofago,onichiuridae,2,2.4299499845254
681,R,2,Hoja,meso,microfitofago,oppioidea,1,13.7017832877069
682,R,2,Hoja,meso,omnivoro,tardigrado,9,221.212422669182
683,R,2,Hoja,meso,predador,parasitidae,2,11.400305998416
684,R,2,humus,meso,detritivoro,enquitreido,3,910.247092755906
685,R,2,humus,meso,detritivoro,eupthiracaroidea,3,48.1595349530916
686,R,2,humus,meso,detritivoro,isotomidae,4,3.55775016365506
687,R,2,humus,meso,detritivoro,oripodidae,5,11.6391061492714
688,R,2,humus,meso,detritivoro,scheloribates,6,12.255541039338
689,R,2,humus,meso,microfitofago,eremobelbidae,3,59.7420919592818
690,R,2,humus,meso,microfitofago,onichiuridae,3,3.66701493904233
691,R,2,humus,meso,microfitofago,oribatulidae,3,20.9679631159715
692,R,2,humus,meso,omnivoro,astigmata,6,7.78451528294766
693,R,2,humus,meso,omnivoro,tardigrado,26,163.045387601885
694,R,2,humus,meso,predador,eviphididae,3,21.9681432672022
695,R,2,humus,meso,predador,rhagidiidae,1,0.6090343010279
696,R,2,humus,meso,predador,tydeoidea,1,0.98266782747519
697,R,2,humus,meso,predador,uropodidae,1,13.7102990919586
698,R,3,10,macro,detritivoro,Aporrectodea_caliginosa,1,64500
699,R,3,10,macro,detritivoro,diplopoda,1,49200
700,R,3,10,macro,detritivoro,juvenil,19,10507.8947368421
701,R,3,10,macro,detritivoro,larva_curculionidae,2,6600
702,R,3,10,macro,detritivoro,oniscoidea,14,8057.14285714286
703,R,3,10,macro,detritivoro,ptinidae,1,2000
704,R,3,10,macro,microfitofago,gasteropoda,3,146.700150915885
705,R,3,10,macro,microfitofago,larva_elateridae,1,5200
706,R,3,10,macro,predador,carabidae,1,3200
707,R,3,10,macro,predador,geophylomorpha,2,5200
708,R,3,10,macro,predador,linyphiidae,1,2000
709,R,3,10,macro,predador,lycosidae,1,8000
710,R,3,10,macro,predador,nematomorpha,1,10000
711,R,3,10,macro,predador,staphylinidae,3,2800
712,R,3,10,meso,detritivoro,ceratozetoidea,3,36.7035405623161
713,R,3,10,meso,detritivoro,enquitreido,10,1906.19599984263
714,R,3,10,meso,detritivoro,epilhomanioidea,4,10.6628137055171
715,R,3,10,meso,detritivoro,eupthiracaroidea,1,68.0345828631327
716,R,3,10,meso,detritivoro,oripodidae,3,21.21711944323
717,R,3,10,meso,detritivoro,pupa_diptera,3,3364.39642683333
718,R,3,10,meso,microfitofago,entomobryoidea,2,25.9967465708505
719,R,3,10,meso,microfitofago,eremobelbidae,4,77.4821346207863
720,R,3,10,meso,microfitofago,onichiuridae,17,2.58881820524132
721,R,3,10,meso,microfitofago,oppioidea,5,12.1799029398465
722,R,3,10,meso,predador,rhodacaroidea,1,3.56047797023157
723,R,3,10,micro,herbivoro,fitofago,315,0.641975959373969
724,R,3,10,micro,microfitofago,bacterivoro,241,2.17797391701793
725,R,3,10,micro,microfitofago,fungivoro,556,4.36167624070436
726,R,3,10,micro,omnivoro,omnivoro,52,6.64766694332874
727,R,3,10,micro,predador,predador,42,3.67751760096312
728,R,3,20,macro,detritivoro,blattodea,1,5200
729,R,3,20,macro,detritivoro,diplopoda,2,8800
730,R,3,20,macro,detritivoro,juvenil,1,12000
731,R,3,20,macro,detritivoro,larva_coleoptero,1,6400
732,R,3,20,macro,detritivoro,oniscoidea,3,12266.6666666667
733,R,3,20,macro,microfitofago,gasteropoda,1,1600
734,R,3,20,macro,predador,formicidae,1,724.653207475769
735,R,3,20,macro,predador,geophylomorpha,1,12000
736,R,3,20,macro,predador,lycosidae,1,1397.35319808825
737,R,3,20,macro,predador,staphylinidae,1,2120.24255755238
738,R,3,20,meso,detritivoro,enquitreido,6,2487.36137034487
739,R,3,Frag,macro,herbivoro,hemiptera,1,331.904490354754
740,R,3,Frag,macro,microfitofago,gasteropoda,7,115.188386629324
741,R,3,Frag,macro,predador,carabidae,3,178.598627284517
742,R,3,Frag,macro,predador,larva_carabidae,1,5970.46784
743,R,3,Frag,macro,predador,staphylinidae,1,2640.29451923519
744,R,3,Frag,macro,NA,ptilidae,1,1702.8697399066
745,R,3,Frag,meso,detritivoro,ceratozetoidea,5,35.0195041416041
746,R,3,Frag,meso,detritivoro,enquitreido,43,1818.97335349253
747,R,3,Frag,meso,detritivoro,epilhomanioidea,2,73.1581502332361
748,R,3,Frag,meso,detritivoro,eupthiracaroidea,34,75.43031645251
749,R,3,Frag,meso,detritivoro,isotomidae,8,13.7050357794916
750,R,3,Frag,meso,detritivoro,oripodidae,13,29.9570388945315
751,R,3,Frag,meso,detritivoro,scheloribates,4,25.0220797560377
752,R,3,Frag,meso,detritivoro,symphypleona,1,97.6812248461524
753,R,3,Frag,meso,microfitofago,entomobryoidea,1,31.7881147529819
754,R,3,Frag,meso,microfitofago,eremobelbidae,9,57.3608199790102
755,R,3,Frag,meso,microfitofago,galumnidae,20,21.4955756622423
756,R,3,Frag,meso,microfitofago,larva_sciaridae,8,1546.01729888157
757,R,3,Frag,meso,microfitofago,oppioidea,4,17.6915129493056
758,R,3,Frag,meso,microfitofago,oribatulidae,9,33.630069475498
759,R,3,Frag,meso,omnivoro,hipogastruridae,5,9.55536055049875
760,R,3,Frag,meso,predador,bdelloidea,1,8.24694998345159
761,R,3,Frag,meso,predador,dermanisoidea,4,21.1080483860874
762,R,3,Frag,meso,predador,uropodidae,2,123.55365319572
763,R,3,H,macro,detritivoro,diplopoda,1,14800
764,R,3,H,macro,detritivoro,juvenil,1,8400
765,R,3,H,macro,detritivoro,larva_scarabaeidae,1,11200
766,R,3,H,macro,detritivoro,oniscoidea,18,7488.88888888889
767,R,3,H,macro,herbivoro,hemiptera,1,359.339746026144
768,R,3,H,macro,microfitofago,gasteropoda,4,97700
769,R,3,H,macro,predador,carabidae,1,15200
770,R,3,H,macro,predador,lycosidae,4,6500
771,R,3,H,macro,predador,pseudoscorpionida,1,832.55375895074
772,R,3,H,meso,detritivoro,enquitreido,1,67.2378511532169
773,R,3,H,meso,microfitofago,entomobryoidea,2,307.97370578494
774,R,3,Hoja,macro,microfitofago,gasteropoda,1,84.3613589670941
775,R,3,Hoja,meso,detritivoro,enquitreido,42,1645.87271520193
776,R,3,Hoja,meso,detritivoro,isotomidae,1,5.46030647494867
777,R,3,Hoja,meso,detritivoro,larva_diptera,2,264.385027286216
778,R,3,Hoja,meso,detritivoro,oripodidae,1,9.4530284900917
779,R,3,Hoja,meso,microfitofago,larva_sciaridae,2,1193.30754310811
780,R,3,Hoja,meso,microfitofago,onichiuridae,1,4.50729761449571
781,R,3,Hoja,meso,omnivoro,hipogastruridae,1,11.2652026710859
782,R,3,Hoja,meso,predador,eupodoidea,1,1.75941591187772
783,R,3,humus,macro,microfitofago,gasteropoda,2,54.6903960431102
784,R,3,humus,meso,detritivoro,ceratozetoidea,18,33.558445644074
785,R,3,humus,meso,detritivoro,enquitreido,34,1048.33250310566
786,R,3,humus,meso,detritivoro,epilhomanioidea,4,36.8244641769693
787,R,3,humus,meso,detritivoro,eupthiracaroidea,35,64.0765212259648
788,R,3,humus,meso,detritivoro,isotomidae,8,17.9006101521712
789,R,3,humus,meso,detritivoro,larva_diptera,1,170.381924676764
790,R,3,humus,meso,detritivoro,oripodidae,26,26.8371884089948
791,R,3,humus,meso,detritivoro,scheloribates,10,36.6770079684716
792,R,3,humus,meso,microfitofago,eremobelbidae,11,64.6700496774906
793,R,3,humus,meso,microfitofago,galumnidae,4,36.8005895840041
794,R,3,humus,meso,microfitofago,larva_sciaridae,4,2713.33334473546
795,R,3,humus,meso,microfitofago,lohmanidae,2,10.6523310406261
796,R,3,humus,meso,microfitofago,onichiuridae,9,10.2101401203299
797,R,3,humus,meso,microfitofago,oppioidea,8,15.2633392084909
798,R,3,humus,meso,microfitofago,oribatulidae,14,39.2769092258239
799,R,3,humus,meso,microfitofago,protura,1,1.84496997188079
800,R,3,humus,meso,omnivoro,astigmata,16,13.0660076436184
801,R,3,humus,meso,omnivoro,hipogastruridae,4,14.7002140612928
802,R,3,humus,meso,predador,eupodoidea,3,6.75376196458307
803,R,3,humus,meso,predador,eviphididae,1,22.1506446059002
804,R,3,humus,meso,predador,parasitidae,4,25.1868179239439
805,R,3,humus,meso,predador,penthalidae,1,16.9950615723248
806,R,3,humus,meso,predador,tenerifidae,2,9.06274985615141
807,R,3,humus,meso,predador,uropodidae,3,25.9816256869842
